CustomerID,ProductStockCode,ProductDescription,RecommendationScore,Rank,AveragePrice,ProductCategory
12346.0,47566,PARTY BUNTING,0.41623089993096035,1,4.65,PARTY
12346.0,23167,SMALL CERAMIC TOP STORAGE JAR ,0.1877477405282451,2,0.69,SMALL
12346.0,22720,SET OF 3 CAKE TINS PANTRY DESIGN ,0.1738311476914045,3,4.95,SET
12346.0,23173,REGENCY TEAPOT ROSES ,0.15251922822498284,4,8.15,REGENCY
12346.0,23174,REGENCY SUGAR BOWL GREEN,0.14035511799845046,5,4.15,REGENCY
12347.0,POST,POSTAGE,52.982237303934106,1,18.0,POSTAGE
12347.0,21175,GIN + TONIC DIET METAL SIGN,43.39396290514144,2,2.1,GIN
12347.0,23284,DOORMAT KEEP CALM AND COME IN,36.08289094175447,3,6.75,DOORMAT
12347.0,23423,PANTRY 3 HOOK ROLLING PIN HANGER,31.695668841443005,4,3.75,PANTRY
12347.0,23314,VINTAGE CHRISTMAS TABLECLOTH,27.686136827950826,5,12.5,VINTAGE
12348.0,22423,REGENCY CAKESTAND 3 TIER,92.04750823667504,1,10.95,REGENCY
12348.0,23254,CHILDRENS CUTLERY DOLLY GIRL ,34.84273768642213,2,4.15,CHILDRENS
12348.0,23256,CHILDRENS CUTLERY SPACEBOY ,34.84273768642213,3,4.15,CHILDRENS
12348.0,84997C,BLUE 3 PIECE POLKADOT CUTLERY SET,34.84273768642213,4,3.75,BLUE
12348.0,84997D,PINK 3 PIECE POLKADOT CUTLERY SET,34.84273768642213,5,3.75,PINK
12349.0,84406B,CREAM CUPID HEARTS COAT HANGER,51.853947528028876,1,2.75,CREAM
12349.0,22086,PAPER CHAIN KIT 50'S CHRISTMAS ,50.99337264092417,2,2.55,PAPER
12349.0,22178,VICTORIAN GLASS HANGING T-LIGHT,49.58809171849026,3,1.25,VICTORIAN
12349.0,23203,JUMBO BAG DOILEY PATTERNS,41.594594154165605,4,2.08,JUMBO
12349.0,23202,JUMBO BAG VINTAGE LEAF,41.594594154165605,5,2.08,JUMBO
12350.0,84030E,ENGLISH ROSE HOT WATER BOTTLE,48.11201133334517,1,3.75,ENGLISH
12350.0,23237,SET OF 4 KNICK KNACK TINS LEAVES ,46.341091064221764,2,4.15,SET
12350.0,22692,DOORMAT WELCOME TO OUR HOME,36.678333345891375,3,7.95,DOORMAT
12350.0,22667,RECIPE BOX RETROSPOT ,35.62527221743326,4,2.95,RECIPE
12350.0,22960,JAM MAKING SET WITH JARS,33.02414046094645,5,4.25,JAM
12352.0,82486,WOOD S/3 CABINET ANT WHITE FINISH,28.28650573820831,1,6.95,WOOD
12352.0,82483,WOOD 2 DRAWER CABINET WHITE FINISH,21.965498869334947,2,4.95,WOOD
12352.0,84946,ANTIQUE SILVER TEA GLASS ETCHED,20.598055825667355,3,1.25,ANTIQUE
12352.0,22741,FUNKY DIVA PEN,16.11856751562708,4,0.85,FUNKY
12352.0,82482,WOODEN PICTURE FRAME WHITE FINISH,13.037076667051316,5,2.1,WOODEN
12353.0,47566,PARTY BUNTING,142.8250639035628,1,4.65,PARTY
12353.0,22720,SET OF 3 CAKE TINS PANTRY DESIGN ,126.99223529018329,2,4.95,SET
12353.0,21181,PLEASE ONE PERSON METAL SIGN,111.13972525907195,3,2.1,PLEASE
12353.0,21137,BLACK RECORD COVER FRAME,110.28159071807734,4,3.39,BLACK
12353.0,21165,BEWARE OF THE CAT METAL SIGN ,103.0605787637492,5,1.69,BEWARE
12354.0,22570,FELTCRAFT CUSHION RABBIT,775.7876818711867,1,3.75,FELTCRAFT
12354.0,22569,FELTCRAFT CUSHION BUTTERFLY,656.435730814081,2,3.75,FELTCRAFT
12354.0,20712,JUMBO BAG WOODLAND ANIMALS,431.4059542408374,3,1.95,JUMBO
12354.0,22568,FELTCRAFT CUSHION OWL,358.0558531713169,4,3.75,FELTCRAFT
12354.0,84997C,BLUE 3 PIECE POLKADOT CUTLERY SET,312.00258990333884,5,3.75,BLUE
12355.0,23254,CHILDRENS CUTLERY DOLLY GIRL ,31.57541212436111,1,4.15,CHILDRENS
12355.0,23256,CHILDRENS CUTLERY SPACEBOY ,31.57541212436111,2,4.15,CHILDRENS
12355.0,84997C,BLUE 3 PIECE POLKADOT CUTLERY SET,31.57541212436111,3,3.75,BLUE
12355.0,84997D,PINK 3 PIECE POLKADOT CUTLERY SET,31.57541212436111,4,3.75,PINK
12355.0,71477,COLOUR GLASS. STAR T-LIGHT HOLDER,27.384766499999472,5,3.25,COLOUR
12356.0,21232,STRAWBERRY CERAMIC TRINKET BOX,87.3422699405887,1,1.25,STRAWBERRY
12356.0,21733,RED HANGING HEART T-LIGHT HOLDER,51.01509100352322,2,2.55,RED
12356.0,72351B,SET/6 PINK  BUTTERFLY T-LIGHTS,42.17783114464518,3,2.1,SET/6
12356.0,21745,GAOLERS KEYS DECORATIVE GARDEN ,41.33427452175228,4,3.75,GAOLERS
12356.0,22644,CERAMIC CHERRY CAKE MONEY BANK,41.16772497011945,5,1.45,CERAMIC
12357.0,22112,CHOCOLATE HOT WATER BOTTLE,69.17107407414751,1,4.95,CHOCOLATE
12357.0,23296,SET OF 6 TEA TIME BAKING CASES,59.869183993147374,2,1.04,SET
12357.0,22114,HOT WATER BOTTLE TEA AND SYMPATHY,45.32622393772916,3,3.45,HOT
12357.0,POST,POSTAGE,43.17489230275051,4,18.0,POSTAGE
12357.0,22835,HOT WATER BOTTLE I AM SO POORLY,42.38500894292866,5,4.65,HOT
12358.0,85014A,BLACK/BLUE POLKADOT UMBRELLA,192.081160115987,1,5.95,BLACK/BLUE
12358.0,85014B,RED RETROSPOT UMBRELLA,192.081160115987,2,5.95,RED
12358.0,71477,COLOUR GLASS. STAR T-LIGHT HOLDER,133.00411040723654,3,3.25,COLOUR
12358.0,21231,SWEETHEART CERAMIC TRINKET BOX,37.473884287598565,4,1.25,SWEETHEART
12358.0,23310,BUBBLEGUM RING ASSORTED,26.761809630752474,5,0.42,BUBBLEGUM
12359.0,POST,POSTAGE,77.03543625797604,1,18.0,POSTAGE
12359.0,21175,GIN + TONIC DIET METAL SIGN,67.96764774333066,2,2.1,GIN
12359.0,23314,VINTAGE CHRISTMAS TABLECLOTH,45.04399586755855,3,12.5,VINTAGE
12359.0,84347,ROTATING SILVER ANGELS T-LIGHT HLDR,36.75590062792777,4,2.55,ROTATING
12359.0,22768,FAMILY PHOTO FRAME CORNICE,34.35862797789008,5,9.95,FAMILY
12360.0,84078A,SET/4 WHITE RETRO STORAGE CUBES ,26.39241981227908,1,34.95,SET/4
12360.0,21787,RAIN PONCHO RETROSPOT,18.117727752836657,2,0.85,RAIN
12360.0,22631,CIRCUS PARADE LUNCH BOX ,12.474511266545935,3,1.95,CIRCUS
12360.0,22629,SPACEBOY LUNCH BOX ,12.474511266545935,4,1.95,SPACEBOY
12360.0,21175,GIN + TONIC DIET METAL SIGN,10.591881789542066,5,2.1,GIN
12361.0,22383,LUNCH BAG SUKI  DESIGN ,79.35569308431728,1,1.65,LUNCH
12361.0,22662,LUNCH BAG DOLLY GIRL DESIGN,73.36685886959503,2,1.65,LUNCH
12361.0,20728,LUNCH BAG CARS BLUE,45.673922971631555,3,1.65,LUNCH
12361.0,22384,LUNCH BAG PINK POLKADOT,26.314574579840198,4,1.65,LUNCH
12361.0,23206,LUNCH BAG APPLE DESIGN,25.19728454803962,5,1.65,LUNCH
12362.0,23328,SET 6 SCHOOL MILK BOTTLES IN CRATE,55.64797475334918,1,3.75,SET
12362.0,22570,FELTCRAFT CUSHION RABBIT,36.861639754488145,2,3.75,FELTCRAFT
12362.0,22844,VINTAGE CREAM DOG FOOD CONTAINER,31.30128726927808,3,8.5,VINTAGE
12362.0,22077,6 RIBBONS RUSTIC CHARM,31.17441533522426,4,1.65,6
12362.0,22569,FELTCRAFT CUSHION BUTTERFLY,29.84037503934755,5,3.75,FELTCRAFT
12363.0,23078,ICE CREAM PEN LIP GLOSS ,64.26132789411405,1,1.25,ICE
12363.0,22741,FUNKY DIVA PEN,52.43724356159706,2,0.85,FUNKY
12363.0,22693,GROW A FLYTRAP OR SUNFLOWER IN TIN,38.55679673646843,3,1.25,GROW
12363.0,23328,SET 6 SCHOOL MILK BOTTLES IN CRATE,35.49152605505336,4,3.75,SET
12363.0,22423,REGENCY CAKESTAND 3 TIER,34.14504482509547,5,10.95,REGENCY
12364.0,84997D,PINK 3 PIECE POLKADOT CUTLERY SET,97.07576090830143,1,3.75,PINK
12364.0,84997A,GREEN 3 PIECE POLKADOT CUTLERY SET,79.9780672098632,2,3.75,GREEN
12364.0,84997C,BLUE 3 PIECE POLKADOT CUTLERY SET,59.841927944533836,3,3.75,BLUE
12364.0,84997B,RED 3 PIECE RETROSPOT CUTLERY SET,59.841927944533836,4,3.75,RED
12364.0,84375,SET OF 20 KIDS COOKIE CUTTERS,54.85755796818452,5,2.1,SET
12365.0,85123A,WHITE HANGING HEART T-LIGHT HOLDER,99.04627371596426,1,2.55,WHITE
12365.0,21733,RED HANGING HEART T-LIGHT HOLDER,59.29868858802267,2,2.55,RED
12365.0,84879,ASSORTED COLOUR BIRD ORNAMENT,45.809130889057286,3,1.69,ASSORTED
12365.0,22804,CANDLEHOLDER PINK HANGING HEART,35.40277225388806,4,2.95,CANDLEHOLDER
12365.0,21055,TOOL BOX SOFT TOY ,26.95540574997125,5,8.95,TOOL
12367.0,23008,DOLLY GIRL BABY GIFT SET,102.03510497508086,1,14.95,DOLLY
12367.0,23007, SPACEBOY BABY GIFT SET,47.81895985509275,2,14.95,SPACEBOY
12367.0,23010,CIRCUS PARADE BABY GIFT SET,47.81895985509275,3,14.95,CIRCUS
12367.0,84078A,SET/4 WHITE RETRO STORAGE CUBES ,44.96906091476369,4,34.95,SET/4
12367.0,84997D,PINK 3 PIECE POLKADOT CUTLERY SET,44.24719808219285,5,3.75,PINK
12370.0,22634,CHILDS BREAKFAST SET SPACEBOY ,27.1068743243801,1,9.95,CHILDS
12370.0,23284,DOORMAT KEEP CALM AND COME IN,22.12921048759274,2,6.75,DOORMAT
12370.0,22499,WOODEN UNION JACK BUNTING,20.986736494625596,3,5.95,WOODEN
12370.0,22741,FUNKY DIVA PEN,19.7119298065709,4,0.85,FUNKY
12370.0,48138,DOORMAT UNION FLAG,16.220793348754633,5,7.95,DOORMAT
12371.0,22791,T-LIGHT GLASS FLUTED ANTIQUE,89.61282320326583,1,1.25,T-LIGHT
12371.0,21326,AGED GLASS SILVER T-LIGHT HOLDER,49.5273896624809,2,0.65,AGED
12371.0,84947,ANTIQUE SILVER TEA GLASS ENGRAVED,46.70599640898871,3,1.06,ANTIQUE
12371.0,79000,MOROCCAN TEA GLASS,28.367894616707414,4,0.85,MOROCCAN
12371.0,22636,CHILDS BREAKFAST SET CIRCUS PARADE,24.31533824289207,5,8.5,CHILDS
12372.0,48194,DOORMAT HEARTS,44.28750309962513,1,7.95,DOORMAT
12372.0,48111,DOORMAT 3 SMILEY CATS,36.95238539874971,2,6.75,DOORMAT
12372.0,23007, SPACEBOY BABY GIFT SET,29.975050402368105,3,14.95,SPACEBOY
12372.0,48187,DOORMAT NEW ENGLAND,29.617267697874304,4,7.95,DOORMAT
12372.0,48188,DOORMAT WELCOME PUPPIES,29.340470803501645,5,7.95,DOORMAT
12373.0,84997D,PINK 3 PIECE POLKADOT CUTLERY SET,1161.12522728395,1,3.75,PINK
12373.0,84997C,BLUE 3 PIECE POLKADOT CUTLERY SET,1081.1579251294079,2,3.75,BLUE
12373.0,84997B,RED 3 PIECE RETROSPOT CUTLERY SET,304.51548660449595,3,3.75,RED
12373.0,20727,LUNCH BAG  BLACK SKULL.,252.30159836405076,4,1.65,LUNCH
12373.0,84997A,GREEN 3 PIECE POLKADOT CUTLERY SET,224.54818444995396,5,3.75,GREEN
12374.0,85123A,WHITE HANGING HEART T-LIGHT HOLDER,62.55898649958797,1,2.55,WHITE
12374.0,47566,PARTY BUNTING,56.846519453463635,2,4.65,PARTY
12374.0,23343,JUMBO BAG VINTAGE CHRISTMAS ,52.249042784149346,3,2.08,JUMBO
12374.0,23201,JUMBO BAG ALPHABET,44.486390399707,4,2.08,JUMBO
12374.0,21929,JUMBO BAG PINK VINTAGE PAISLEY,33.364792799780254,5,1.95,JUMBO
12375.0,23199,JUMBO BAG APPLES,331.09808121365825,1,2.08,JUMBO
12375.0,85099B,JUMBO BAG RED RETROSPOT,322.23272823177683,2,1.65,JUMBO
12375.0,85099F,JUMBO BAG STRAWBERRY,221.6623725495002,3,1.95,JUMBO
12375.0,23202,JUMBO BAG VINTAGE LEAF,215.84027936480777,4,2.08,JUMBO
12375.0,23201,JUMBO BAG ALPHABET,182.34690314795233,5,2.08,JUMBO
12377.0,21137,BLACK RECORD COVER FRAME,165.81052119797633,1,3.39,BLACK
12377.0,85152,HAND OVER THE CHOCOLATE   SIGN ,152.5907980383004,2,2.1,HAND
12377.0,82582,AREA PATROLLED METAL SIGN,76.0183951818863,3,2.1,AREA
12377.0,85150,LADIES & GENTLEMEN METAL SIGN,67.73171485918685,4,2.55,LADIES
12377.0,22041,"RECORD FRAME 7"" SINGLE SIZE ",67.60289897136204,5,2.1,RECORD
12378.0,POST,POSTAGE,59.129326835651135,1,18.0,POSTAGE
12378.0,22826,LOVE SEAT ANTIQUE WHITE METAL,41.38653939904648,2,175.0,LOVE
12378.0,20973,12 PENCIL SMALL TUBE WOODLAND,27.53523064129297,3,0.65,12
12378.0,22175,PINK OWL SOFT TOY,22.84151616178628,4,2.95,PINK
12378.0,22467,GUMBALL COAT RACK,18.664687080624642,5,2.55,GUMBALL
12379.0,21232,STRAWBERRY CERAMIC TRINKET BOX,72.88097741173932,1,1.25,STRAWBERRY
12379.0,20749,ASSORTED COLOUR MINI CASES,18.374537458632382,2,7.95,ASSORTED
12379.0,22772,PINK DRAWER KNOB ACRYLIC EDWARDIAN,15.62613954329646,3,1.25,PINK
12379.0,22771,CLEAR DRAWER KNOB ACRYLIC EDWARDIAN,15.62613954329646,4,1.25,CLEAR
12379.0,23184,BULL DOG BOTTLE OPENER,14.978824042182955,5,4.95,BULL
12380.0,85123A,WHITE HANGING HEART T-LIGHT HOLDER,119.20907575860168,1,2.55,WHITE
12380.0,21733,RED HANGING HEART T-LIGHT HOLDER,56.55430798389946,2,2.55,RED
12380.0,22555,PLASTERS IN TIN STRONGMAN,49.13669777259746,3,1.65,PLASTERS
12380.0,22961,JAM MAKING SET PRINTED,48.237497986267186,4,1.45,JAM
12380.0,22551,PLASTERS IN TIN SPACEBOY,44.30201697394207,5,1.65,PLASTERS
12381.0,21232,STRAWBERRY CERAMIC TRINKET BOX,92.68262681785617,1,1.25,STRAWBERRY
12381.0,22813,PACK 3 BOXES BIRD PANNETONE ,61.060556004525615,2,1.95,PACK
12381.0,22960,JAM MAKING SET WITH JARS,58.71207308127463,3,4.25,JAM
12381.0,22236,CAKE STAND 3 TIER MAGIC GARDEN,57.1464177991073,4,10.95,CAKE
12381.0,21121,SET/10 RED POLKADOT PARTY CANDLES,39.14138205418308,5,1.25,SET/10
12383.0,22656,VINTAGE BLUE KITCHEN CABINET,76.61040675456836,1,125.0,VINTAGE
12383.0,22655,VINTAGE RED KITCHEN CABINET,76.61040675456836,2,295.0,VINTAGE
12383.0,47566,PARTY BUNTING,52.43881257044322,3,4.65,PARTY
12383.0,23077,DOUGHNUT LIP GLOSS ,36.40323522092165,4,1.25,DOUGHNUT
12383.0,23298,SPOTTY BUNTING,32.71780940498293,5,4.95,SPOTTY
12384.0,21122,SET/10 PINK POLKADOT PARTY CANDLES,47.5873653692234,1,1.25,SET/10
12384.0,22699,ROSES REGENCY TEACUP AND SAUCER ,42.04172993116158,2,2.95,ROSES
12384.0,22697,GREEN REGENCY TEACUP AND SAUCER,28.07654556784181,3,2.95,GREEN
12384.0,22698,PINK REGENCY TEACUP AND SAUCER,21.057409175881357,4,2.95,PINK
12384.0,23313,VINTAGE CHRISTMAS BUNTING,19.629788214804652,5,4.95,VINTAGE
12386.0,21137,BLACK RECORD COVER FRAME,289.74613897186686,1,3.39,BLACK
12386.0,85152,HAND OVER THE CHOCOLATE   SIGN ,265.14226319943066,2,2.1,HAND
12386.0,82582,AREA PATROLLED METAL SIGN,134.36896179218388,3,2.1,AREA
12386.0,85150,LADIES & GENTLEMEN METAL SIGN,119.72155139894048,4,2.55,LADIES
12386.0,22041,"RECORD FRAME 7"" SINGLE SIZE ",118.13290748220868,5,2.1,RECORD
12388.0,21216,"SET 3 RETROSPOT TEA,COFFEE,SUGAR",36.30876626463118,1,4.95,SET
12388.0,22625,RED KITCHEN SCALES,31.174193257511618,2,8.5,RED
12388.0,22427,ENAMEL FLOWER JUG CREAM,25.458924493634488,3,5.95,ENAMEL
12388.0,22926,IVORY GIANT GARDEN THERMOMETER,21.821935280258135,4,5.95,IVORY
12388.0,22624,IVORY KITCHEN SCALES,18.324009384512504,5,8.5,IVORY
12390.0,85066,CREAM SWEETHEART MINI CHEST,139.37273946257352,1,12.75,CREAM
12390.0,85123A,WHITE HANGING HEART T-LIGHT HOLDER,135.50774013955387,2,2.55,WHITE
12390.0,21843,RED RETROSPOT CAKE STAND,116.77197063164513,3,10.95,RED
12390.0,22070,SMALL RED RETROSPOT MUG IN BOX ,79.56924229975417,4,3.75,SMALL
12390.0,21216,"SET 3 RETROSPOT TEA,COFFEE,SUGAR",72.13694776083008,5,4.95,SET
12391.0,POST,POSTAGE,259.091449198746,1,18.0,POSTAGE
12391.0,21623,VINTAGE UNION JACK MEMOBOARD,78.22579780930238,2,9.95,VINTAGE
12391.0,22752,SET 7 BABUSHKA NESTING BOXES,55.295392973046845,3,7.65,SET
12391.0,22423,REGENCY CAKESTAND 3 TIER,46.486846418319075,4,10.95,REGENCY
12391.0,22580,ADVENT CALENDAR GINGHAM SACK,43.00752786792532,5,5.95,ADVENT
12393.0,48138,DOORMAT UNION FLAG,120.90539396650803,1,7.95,DOORMAT
12393.0,48187,DOORMAT NEW ENGLAND,94.0314227574507,2,7.95,DOORMAT
12393.0,48194,DOORMAT HEARTS,91.0440178496427,3,7.95,DOORMAT
12393.0,21523,DOORMAT FANCY FONT HOME SWEET HOME,59.72275223373063,4,6.75,DOORMAT
12393.0,22690,DOORMAT HOME SWEET HOME BLUE ,59.72275223373063,5,7.95,DOORMAT
12394.0,22423,REGENCY CAKESTAND 3 TIER,27.8068517569161,1,10.95,REGENCY
12394.0,22138,BAKING SET 9 PIECE RETROSPOT ,18.914029045234628,2,4.95,BAKING
12394.0,22727,ALARM CLOCK BAKELIKE RED ,18.827048293239944,3,3.75,ALARM
12394.0,22728,ALARM CLOCK BAKELIKE PINK,18.827048293239944,4,3.75,ALARM
12394.0,22726,ALARM CLOCK BAKELIKE GREEN,18.827048293239944,5,3.75,ALARM
12395.0,85123A,WHITE HANGING HEART T-LIGHT HOLDER,128.4760518829199,1,2.55,WHITE
12395.0,37449,CERAMIC CAKE STAND + HANGING CAKES,65.36664748677583,2,9.95,CERAMIC
12395.0,22424,ENAMEL BREAD BIN CREAM,51.86044195807121,3,10.95,ENAMEL
12395.0,22470,HEART OF WICKER LARGE,48.036529531868965,4,2.55,HEART
12395.0,22794,SWEETHEART WIRE MAGAZINE RACK,42.92951216574582,5,7.95,SWEETHEART
12397.0,16014,SMALL CHINESE STYLE SCISSOR,158.52971837210393,1,0.42,SMALL
12397.0,84879,ASSORTED COLOUR BIRD ORNAMENT,122.53152884663383,2,1.69,ASSORTED
12397.0,23208,LUNCH BAG VINTAGE LEAF DESIGN,39.7746094375637,3,1.65,LUNCH
12397.0,84077,WORLD WAR 2 GLIDERS ASSTD DESIGNS,36.379351782736606,4,0.29,WORLD
12397.0,23534,STOP FOR TEA WALL ART,32.31069057453512,5,5.95,STOP
12398.0,16014,SMALL CHINESE STYLE SCISSOR,115.68620313484534,1,0.42,SMALL
12398.0,84879,ASSORTED COLOUR BIRD ORNAMENT,88.14543537718586,2,1.69,ASSORTED
12398.0,23284,DOORMAT KEEP CALM AND COME IN,85.32736542480268,3,6.75,DOORMAT
12398.0,85123A,WHITE HANGING HEART T-LIGHT HOLDER,83.48780364947527,4,2.55,WHITE
12398.0,22470,HEART OF WICKER LARGE,58.44146255463269,5,2.55,HEART
12399.0,22634,CHILDS BREAKFAST SET SPACEBOY ,41.86123117227465,1,9.95,CHILDS
12399.0,22635,CHILDS BREAKFAST SET DOLLY GIRL ,41.86123117227465,2,9.95,CHILDS
12399.0,47566,PARTY BUNTING,36.56701664166345,3,4.65,PARTY
12399.0,21889,WOODEN BOX OF DOMINOES,33.21282053234041,4,1.25,WOODEN
12399.0,22760,"TRAY, BREAKFAST IN BED",28.425121816981747,5,12.75,"TRAY,"
12401.0,21137,BLACK RECORD COVER FRAME,114.27505180384443,1,3.39,BLACK
12401.0,22960,JAM MAKING SET WITH JARS,82.10150379514916,2,4.25,JAM
12401.0,23108,SET OF 10 LED DOLLY LIGHTS,53.86083096821406,3,6.25,SET
12401.0,22720,SET OF 3 CAKE TINS PANTRY DESIGN ,47.81205221011628,4,4.95,SET
12401.0,22697,GREEN REGENCY TEACUP AND SAUCER,45.55043800642955,5,2.95,GREEN
12402.0,23203,JUMBO BAG DOILEY PATTERNS,63.805270715922845,1,2.08,JUMBO
12402.0,48111,DOORMAT 3 SMILEY CATS,60.893072231654145,2,6.75,DOORMAT
12402.0,23201,JUMBO BAG ALPHABET,58.42348153305168,3,2.08,JUMBO
12402.0,23202,JUMBO BAG VINTAGE LEAF,58.42348153305168,4,2.08,JUMBO
12402.0,22084,PAPER CHAIN KIT EMPIRE,57.299953042031454,5,2.95,PAPER
12403.0,85099B,JUMBO BAG RED RETROSPOT,1816.2603933885262,1,1.65,JUMBO
12403.0,84997B,RED 3 PIECE RETROSPOT CUTLERY SET,1353.7386317625655,2,3.75,RED
12403.0,22386,JUMBO BAG PINK POLKADOT,1231.5899082867522,3,1.95,JUMBO
12403.0,20713,JUMBO BAG OWLS,1195.692053267119,4,1.95,JUMBO
12403.0,85099F,JUMBO BAG STRAWBERRY,1033.7379854703931,5,1.95,JUMBO
12405.0,22826,LOVE SEAT ANTIQUE WHITE METAL,40.06187753806577,1,175.0,LOVE
12405.0,22175,PINK OWL SOFT TOY,17.317211381709054,2,2.95,PINK
12405.0,20728,LUNCH BAG CARS BLUE,16.143163152440643,3,1.65,LUNCH
12405.0,22176,BLUE OWL SOFT TOY,15.852419691497214,4,2.95,BLUE
12405.0,21485,RETROSPOT HEART HOT WATER BOTTLE,14.52884683719658,5,4.25,RETROSPOT
12406.0,22534,MAGIC DRAWING SLATE SPACEBOY ,29.161005506266484,1,0.42,MAGIC
12406.0,21260,FIRST AID TIN,28.76127057366946,2,3.25,FIRST
12406.0,22634,CHILDS BREAKFAST SET SPACEBOY ,28.710264157715322,3,9.95,CHILDS
12406.0,21213,PACK OF 72 SKULL CAKE CASES,28.024353409920078,4,0.55,PACK
12406.0,22960,JAM MAKING SET WITH JARS,25.5814646912728,5,4.25,JAM
12407.0,21232,STRAWBERRY CERAMIC TRINKET BOX,79.78373045253058,1,1.25,STRAWBERRY
12407.0,47599B,BLUE PARTY BAGS ,59.54309762618842,2,2.1,BLUE
12407.0,47599A,PINK PARTY BAGS,59.54309762618842,3,2.1,PINK
12407.0,37500,TEA TIME TEAPOT IN GIFT BOX,48.98328240311311,4,9.95,TEA
12407.0,22759,SET OF 3 NOTEBOOKS IN PARCEL,45.898992200684454,5,1.65,SET
12408.0,23245,SET OF 3 REGENCY CAKE TINS,23.11231786950846,1,4.95,SET
12408.0,22423,REGENCY CAKESTAND 3 TIER,19.959235591668033,2,10.95,REGENCY
12408.0,84078A,SET/4 WHITE RETRO STORAGE CUBES ,17.135712689715987,3,34.95,SET/4
12408.0,22659,LUNCH BOX I LOVE LONDON,15.05540714415597,4,1.95,LUNCH
12408.0,22636,CHILDS BREAKFAST SET CIRCUS PARADE,14.583585267843391,5,8.5,CHILDS
12409.0,21137,BLACK RECORD COVER FRAME,51.804230507243204,1,3.39,BLACK
12409.0,22720,SET OF 3 CAKE TINS PANTRY DESIGN ,50.42553882411809,2,4.95,SET
12409.0,84879,ASSORTED COLOUR BIRD ORNAMENT,46.75924605821138,3,1.69,ASSORTED
12409.0,22722,SET OF 6 SPICE TINS PANTRY DESIGN,30.180930752744942,4,3.95,SET
12409.0,21889,WOODEN BOX OF DOMINOES,22.53765379908106,5,1.25,WOODEN
12410.0,84078A,SET/4 WHITE RETRO STORAGE CUBES ,98.07222377169886,1,34.95,SET/4
12410.0,22727,ALARM CLOCK BAKELIKE RED ,36.82311280539381,2,3.75,ALARM
12410.0,22726,ALARM CLOCK BAKELIKE GREEN,36.82311280539381,3,3.75,ALARM
12410.0,22360,GLASS JAR ENGLISH CONFECTIONERY,36.20939425863725,4,2.95,GLASS
12410.0,82600,NO SINGING METAL SIGN,34.341975923614115,5,2.1,NO
12412.0,16014,SMALL CHINESE STYLE SCISSOR,162.14530971176637,1,0.42,SMALL
12412.0,84879,ASSORTED COLOUR BIRD ORNAMENT,114.48997562062043,2,1.69,ASSORTED
12412.0,23203,JUMBO BAG DOILEY PATTERNS,61.48497211237045,3,2.08,JUMBO
12412.0,23208,LUNCH BAG VINTAGE LEAF DESIGN,39.6289408597053,4,1.65,LUNCH
12412.0,23209,LUNCH BAG DOILEY PATTERN ,39.6289408597053,5,1.65,LUNCH
12413.0,22468,BABUSHKA LIGHTS STRING OF 10,43.83800275867269,1,6.75,BABUSHKA
12413.0,22940,FELTCRAFT CHRISTMAS FAIRY,40.904141182961084,2,4.25,FELTCRAFT
12413.0,22970,LONDON BUS COFFEE MUG,37.3540543400936,3,2.55,LONDON
12413.0,22636,CHILDS BREAKFAST SET CIRCUS PARADE,32.89198307104466,4,8.5,CHILDS
12413.0,84598,BOYS ALPHABET IRON ON PATCHES,32.50501856432649,5,0.21,BOYS
12414.0,20750,RED RETROSPOT MINI CASES,141.94672311209115,1,7.95,RED
12414.0,20749,ASSORTED COLOUR MINI CASES,91.8710735697701,2,7.95,ASSORTED
12414.0,22423,REGENCY CAKESTAND 3 TIER,47.357347805589534,3,10.95,REGENCY
12414.0,21833,CAMOUFLAGE LED TORCH,36.40196047668781,4,1.69,CAMOUFLAGE
12414.0,22090,PAPER BUNTING RETROSPOT,31.770941836162446,5,2.95,PAPER
12415.0,22328,ROUND SNACK BOXES SET OF 4 FRUITS ,1190.8799710904518,1,2.95,ROUND
12415.0,22243,5 HOOK HANGER RED MAGIC TOADSTOOL,874.7060114870663,2,1.65,5
12415.0,20712,JUMBO BAG WOODLAND ANIMALS,766.8972227627919,3,1.95,JUMBO
12415.0,22467,GUMBALL COAT RACK,625.4145641309779,4,2.55,GUMBALL
12415.0,85123A,WHITE HANGING HEART T-LIGHT HOLDER,605.1846169949058,5,2.55,WHITE
12417.0,22086,PAPER CHAIN KIT 50'S CHRISTMAS ,52.47301034229374,1,2.55,PAPER
12417.0,22558,CLOTHES PEGS RETROSPOT PACK 24 ,35.56842250301055,2,1.25,CLOTHES
12417.0,84978,HANGING HEART JAR T-LIGHT HOLDER,33.704738101530424,3,1.25,HANGING
12417.0,22111,SCOTTIE DOG HOT WATER BOTTLE,30.832134342558096,4,4.95,SCOTTIE
12417.0,71459,HANGING JAM JAR T-LIGHT HOLDER,23.614152688149073,5,0.72,HANGING
12418.0,23084,RABBIT NIGHT LIGHT,130.50963935340766,1,2.08,RABBIT
12418.0,POST,POSTAGE,128.77051448073297,2,18.0,POSTAGE
12418.0,22492,MINI PAINT SET VINTAGE ,60.62854630034431,3,0.65,MINI
12418.0,20725,LUNCH BAG RED RETROSPOT,50.78752311342145,4,1.65,LUNCH
12418.0,22417,PACK OF 60 SPACEBOY CAKE CASES,34.55172581473206,5,0.55,PACK
12420.0,82583,HOT BATHS METAL SIGN,39.94523001094107,1,2.1,HOT
12420.0,85123A,WHITE HANGING HEART T-LIGHT HOLDER,32.27234994388176,2,2.55,WHITE
12420.0,22910,PAPER CHAIN KIT VINTAGE CHRISTMAS,24.781389630263885,3,2.55,PAPER
12420.0,22086,PAPER CHAIN KIT 50'S CHRISTMAS ,24.781389630263885,4,2.55,PAPER
12420.0,48138,DOORMAT UNION FLAG,22.26124831193196,5,7.95,DOORMAT
12421.0,85123A,WHITE HANGING HEART T-LIGHT HOLDER,39.70377928722071,1,2.55,WHITE
12421.0,21390,FILIGRIS HEART WITH BUTTERFLY,16.479071410945696,2,1.25,FILIGRIS
12421.0,22477,WATERING CAN GARDEN MARKER,13.732559509121414,3,1.25,WATERING
12421.0,22969,HOMEMADE JAM SCENTED CANDLES,11.749236847200649,4,1.45,HOMEMADE
12421.0,22138,BAKING SET 9 PIECE RETROSPOT ,11.225826713592701,5,4.95,BAKING
12422.0,22692,DOORMAT WELCOME TO OUR HOME,69.22487594878322,1,7.95,DOORMAT
12422.0,22722,SET OF 6 SPICE TINS PANTRY DESIGN,66.76354702615983,2,3.95,SET
12422.0,23245,SET OF 3 REGENCY CAKE TINS,53.261315628953035,3,4.95,SET
12422.0,23237,SET OF 4 KNICK KNACK TINS LEAVES ,51.072575144435625,4,4.15,SET
12422.0,22666,RECIPE BOX PANTRY YELLOW DESIGN,49.53424456779599,5,2.95,RECIPE
12423.0,84997B,RED 3 PIECE RETROSPOT CUTLERY SET,20.91023417229792,1,3.75,RED
12423.0,84997C,BLUE 3 PIECE POLKADOT CUTLERY SET,20.91023417229792,2,3.75,BLUE
12423.0,22634,CHILDS BREAKFAST SET SPACEBOY ,20.68828206110645,3,9.95,CHILDS
12423.0,22635,CHILDS BREAKFAST SET DOLLY GIRL ,20.68828206110645,4,9.95,CHILDS
12423.0,22551,PLASTERS IN TIN SPACEBOY,20.39361473439104,5,1.65,PLASTERS
12424.0,21621,VINTAGE UNION JACK BUNTING,367.9286587431062,1,8.5,VINTAGE
12424.0,47590A,BLUE HAPPY BIRTHDAY BUNTING,110.94068204627328,2,5.45,BLUE
12424.0,47566B,TEA TIME PARTY BUNTING,88.24062687845205,3,4.65,TEA
12424.0,47590B,PINK HAPPY BIRTHDAY BUNTING,39.77410138962199,4,5.45,PINK
12424.0,71459,HANGING JAM JAR T-LIGHT HOLDER,9.126495242985195,5,0.72,HANGING
12425.0,22423,REGENCY CAKESTAND 3 TIER,82.84515084383406,1,10.95,REGENCY
12425.0,22111,SCOTTIE DOG HOT WATER BOTTLE,37.033516528631026,2,4.95,SCOTTIE
12425.0,23322,LARGE WHITE HEART OF WICKER,36.646301278415805,3,2.95,LARGE
12425.0,84947,ANTIQUE SILVER TEA GLASS ENGRAVED,25.970007982257982,4,1.06,ANTIQUE
12425.0,85048,15CM CHRISTMAS GLASS BALL 20 LIGHTS,25.490602285940835,5,7.95,15CM
12426.0,21232,STRAWBERRY CERAMIC TRINKET BOX,65.26985981468185,1,1.25,STRAWBERRY
12426.0,20750,RED RETROSPOT MINI CASES,41.720244962516524,2,7.95,RED
12426.0,22740,POLKADOT PEN,18.26320515593395,3,0.85,POLKADOT
12426.0,23320,GIANT 50'S CHRISTMAS CRACKER,14.948331256125295,4,2.89,GIANT
12426.0,21794,CLASSIC FRENCH STYLE BASKET NATURAL,13.620740129572068,5,6.75,CLASSIC
12427.0,85099B,JUMBO BAG RED RETROSPOT,33.80976974253549,1,1.65,JUMBO
12427.0,22468,BABUSHKA LIGHTS STRING OF 10,33.498039339588644,2,6.75,BABUSHKA
12427.0,22138,BAKING SET 9 PIECE RETROSPOT ,31.924571804249236,3,4.95,BAKING
12427.0,22940,FELTCRAFT CHRISTMAS FAIRY,31.264932467870434,4,4.25,FELTCRAFT
12427.0,22970,LONDON BUS COFFEE MUG,28.585453174203266,5,2.55,LONDON
12428.0,22828,REGENCY MIRROR WITH SHUTTERS,121.17013934670541,1,165.0,REGENCY
12428.0,22423,REGENCY CAKESTAND 3 TIER,114.94500610244623,2,10.95,REGENCY
12428.0,22656,VINTAGE BLUE KITCHEN CABINET,85.56183751825473,3,125.0,VINTAGE
12428.0,22655,VINTAGE RED KITCHEN CABINET,85.56183751825473,4,295.0,VINTAGE
12428.0,22890,NOVELTY BISCUITS CAKE STAND 3 TIER,64.86764581830852,5,9.95,NOVELTY
12429.0,79321,CHILLI LIGHTS,1601.803174690298,1,3.82,CHILLI
12429.0,23313,VINTAGE CHRISTMAS BUNTING,68.93519139903474,2,4.95,VINTAGE
12429.0,21218,RED SPOTTY BISCUIT TIN,47.00126686297823,3,3.75,RED
12429.0,22722,SET OF 6 SPICE TINS PANTRY DESIGN,36.06892322553077,4,3.95,SET
12429.0,23243,SET OF TEA COFFEE SUGAR TINS PANTRY,34.46759569951737,5,4.15,SET
12430.0,22178,VICTORIAN GLASS HANGING T-LIGHT,336.521366318976,1,1.25,VICTORIAN
12430.0,82484,WOOD BLACK BOARD ANT WHITE FINISH,103.88627096358333,2,6.45,WOOD
12430.0,21326,AGED GLASS SILVER T-LIGHT HOLDER,73.03646516386306,3,0.65,AGED
12430.0,84946,ANTIQUE SILVER TEA GLASS ETCHED,67.05667937073403,4,1.25,ANTIQUE
12430.0,20846,ZINC HEART LATTICE T-LIGHT HOLDER,46.42385494896971,5,1.25,ZINC
12431.0,21578,WOODLAND DESIGN  COTTON TOTE BAG,31.98131918813102,1,2.25,WOODLAND
12431.0,22929,SCHOOL DESK AND CHAIR ,30.796825884866912,2,65.0,SCHOOL
12431.0,22823,CHEST NATURAL WOOD 20 DRAWERS,29.6123325816028,3,125.0,CHEST
12431.0,23319,BOX OF 6 MINI 50'S CRACKERS,25.70113868076303,4,2.49,BOX
12431.0,22083,PAPER CHAIN KIT RETROSPOT,25.15863776132974,5,2.95,PAPER
12432.0,84997C,BLUE 3 PIECE POLKADOT CUTLERY SET,20.560858532429805,1,3.75,BLUE
12432.0,84997D,PINK 3 PIECE POLKADOT CUTLERY SET,20.560858532429805,2,3.75,PINK
12432.0,21933,PINK VINTAGE PAISLEY PICNIC BAG,17.00004341273,3,2.95,PINK
12432.0,35923,CANDY HEART HANGING DECORATION,10.325471905812151,4,1.25,CANDY
12432.0,21754,HOME BUILDING BLOCK WORD,9.33086003751489,5,5.95,HOME
12433.0,22423,REGENCY CAKESTAND 3 TIER,33.57540585485361,1,10.95,REGENCY
12433.0,23485,BOTANICAL GARDENS WALL CLOCK ,17.780570755514294,2,25.0,BOTANICAL
12433.0,22191,IVORY DINER WALL CLOCK,17.606630688745486,3,8.5,IVORY
12433.0,23007, SPACEBOY BABY GIFT SET,16.194277190394775,4,14.95,SPACEBOY
12433.0,23009,I LOVE LONDON BABY GIFT SET,16.194277190394775,5,14.95,I
12434.0,22767,TRIPLE PHOTO FRAME CORNICE ,68.21695723482188,1,9.95,TRIPLE
12434.0,22423,REGENCY CAKESTAND 3 TIER,27.12258393963277,2,10.95,REGENCY
12434.0,85099C,JUMBO  BAG BAROQUE BLACK WHITE,26.738304845809584,3,1.95,JUMBO
12434.0,85123A,WHITE HANGING HEART T-LIGHT HOLDER,22.753269027443732,4,2.55,WHITE
12434.0,84879,ASSORTED COLOUR BIRD ORNAMENT,22.751536896323472,5,1.69,ASSORTED
12435.0,79321,CHILLI LIGHTS,53.29082930074325,1,3.82,CHILLI
12435.0,22795,SWEETHEART RECIPE BOOK STAND,49.73012204780853,2,6.75,SWEETHEART
12435.0,22423,REGENCY CAKESTAND 3 TIER,33.54809820685496,3,10.95,REGENCY
12435.0,22699,ROSES REGENCY TEACUP AND SAUCER ,31.048435987520673,4,2.95,ROSES
12435.0,22697,GREEN REGENCY TEACUP AND SAUCER,29.49601418814464,5,2.95,GREEN
12436.0,22423,REGENCY CAKESTAND 3 TIER,44.67803572373376,1,10.95,REGENCY
12436.0,22128,PARTY CONES CANDY ASSORTED,37.007444132256246,2,1.25,PARTY
12436.0,22669,RED BABY BUNTING ,34.17848194692787,3,2.95,RED
12436.0,21621,VINTAGE UNION JACK BUNTING,22.785654631285247,4,8.5,VINTAGE
12436.0,23236,DOILEY STORAGE TIN,17.200164822976017,5,2.89,DOILEY
12437.0,85099B,JUMBO BAG RED RETROSPOT,66.58013775254354,1,1.65,JUMBO
12437.0,21931,JUMBO STORAGE BAG SUKI,33.29006887627177,2,1.95,JUMBO
12437.0,47590B,PINK HAPPY BIRTHDAY BUNTING,29.508705193894542,3,5.45,PINK
12437.0,20712,JUMBO BAG WOODLAND ANIMALS,27.62367417392764,4,1.95,JUMBO
12437.0,23202,JUMBO BAG VINTAGE LEAF,22.665578809376527,5,2.08,JUMBO
12438.0,21888,BINGO SET,62.53787995863328,1,3.75,BINGO
12438.0,21912,VINTAGE SNAKES & LADDERS,58.16770300494528,2,3.75,VINTAGE
12438.0,22550,HOLIDAY FUN LUDO,58.16770300494528,3,3.75,HOLIDAY
12438.0,23077,DOUGHNUT LIP GLOSS ,50.85292553960421,4,1.25,DOUGHNUT
12438.0,23084,RABBIT NIGHT LIGHT,50.064747181449796,5,2.08,RABBIT
12441.0,47566,PARTY BUNTING,46.62157953580122,1,4.65,PARTY
12441.0,22961,JAM MAKING SET PRINTED,25.057140414129428,2,1.45,JAM
12441.0,20829,GLITTER HANGING BUTTERFLY STRING,24.286826186308485,3,2.1,GLITTER
12441.0,23581,JUMBO BAG PAISLEY PARK,20.84225815797405,4,1.79,JUMBO
12441.0,23203,JUMBO BAG DOILEY PATTERNS,20.84225815797405,5,2.08,JUMBO
12442.0,22423,REGENCY CAKESTAND 3 TIER,24.74550645177551,1,10.95,REGENCY
12442.0,22086,PAPER CHAIN KIT 50'S CHRISTMAS ,21.471239010583695,2,2.55,PAPER
12442.0,84988,SET OF 72 PINK HEART PAPER DOILIES,21.163469750658443,3,1.45,SET
12442.0,23245,SET OF 3 REGENCY CAKE TINS,11.425398384575715,4,4.95,SET
12442.0,23340,VINTAGE CHRISTMAS CAKE FRILL,9.369542805789234,5,1.65,VINTAGE
12444.0,82486,WOOD S/3 CABINET ANT WHITE FINISH,29.05347716027362,1,6.95,WOOD
12444.0,82483,WOOD 2 DRAWER CABINET WHITE FINISH,27.59035241119509,2,4.95,WOOD
12444.0,85099B,JUMBO BAG RED RETROSPOT,22.05693924520734,3,1.65,JUMBO
12444.0,23065,LARGE DECO JEWELLERY STAND,18.936245917932126,4,12.5,LARGE
12444.0,23084,RABBIT NIGHT LIGHT,18.380782704339452,5,2.08,RABBIT
12445.0,84947,ANTIQUE SILVER TEA GLASS ENGRAVED,91.24613478268242,1,1.06,ANTIQUE
12445.0,72741,GRAND CHOCOLATECANDLE,42.157913426180436,2,1.45,GRAND
12445.0,84949,SILVER HANGING T-LIGHT HOLDER,29.783604825207902,3,1.65,SILVER
12445.0,85123A,WHITE HANGING HEART T-LIGHT HOLDER,29.175510178380335,4,2.55,WHITE
12445.0,22178,VICTORIAN GLASS HANGING T-LIGHT,28.757061842036297,5,1.25,VICTORIAN
12446.0,POST,POSTAGE,50.842746927742525,1,18.0,POSTAGE
12446.0,22328,ROUND SNACK BOXES SET OF 4 FRUITS ,49.99536781228016,2,2.95,ROUND
12446.0,22326,ROUND SNACK BOXES SET OF4 WOODLAND ,37.49652585921012,3,2.95,ROUND
12446.0,22551,PLASTERS IN TIN SPACEBOY,34.95438851282299,4,1.65,PLASTERS
12446.0,22556,PLASTERS IN TIN CIRCUS PARADE ,34.95438851282299,5,1.65,PLASTERS
12447.0,22180,RETROSPOT LAMP,29.80566196868129,1,9.95,RETROSPOT
12447.0,20725,LUNCH BAG RED RETROSPOT,29.790781244267848,2,1.65,LUNCH
12447.0,22197,SMALL POPCORN HOLDER,26.998269262515976,3,0.72,SMALL
12447.0,21080,SET/20 RED RETROSPOT PAPER NAPKINS ,26.787660719425645,4,0.64,SET/20
12447.0,22947,WOODEN ADVENT CALENDAR RED,25.25132242788259,5,16.95,WOODEN
12448.0,22827,RUSTIC  SEVENTEEN DRAWER SIDEBOARD,186.54401814849876,1,165.0,RUSTIC
12448.0,22326,ROUND SNACK BOXES SET OF4 WOODLAND ,56.71449565822594,2,2.95,ROUND
12448.0,22423,REGENCY CAKESTAND 3 TIER,47.17043351468292,3,10.95,REGENCY
12448.0,22083,PAPER CHAIN KIT RETROSPOT,46.87849651526347,4,2.95,PAPER
12448.0,23298,SPOTTY BUNTING,42.455673439293626,5,4.95,SPOTTY
12449.0,M,Manual,390.07859688018,1,1.25,Manual
12449.0,21232,STRAWBERRY CERAMIC TRINKET BOX,34.402642929808366,2,1.25,STRAWBERRY
12449.0,22634,CHILDS BREAKFAST SET SPACEBOY ,25.23475763264301,3,9.95,CHILDS
12449.0,22556,PLASTERS IN TIN CIRCUS PARADE ,19.69163144611194,4,1.65,PLASTERS
12449.0,23084,RABBIT NIGHT LIGHT,18.158880869318992,5,2.08,RABBIT
12450.0,82582,AREA PATROLLED METAL SIGN,327.81127179328354,1,2.1,AREA
12450.0,85123A,WHITE HANGING HEART T-LIGHT HOLDER,276.1293145285767,2,2.55,WHITE
12450.0,47566,PARTY BUNTING,272.13200249928843,3,4.65,PARTY
12450.0,23300,GARDENERS KNEELING PAD CUP OF TEA ,157.02005800257217,4,1.45,GARDENERS
12450.0,23301,GARDENERS KNEELING PAD KEEP CALM ,151.12611500698404,5,1.65,GARDENERS
12451.0,22328,ROUND SNACK BOXES SET OF 4 FRUITS ,73.73133823156488,1,2.95,ROUND
12451.0,22383,LUNCH BAG SUKI  DESIGN ,73.37756320910096,2,1.65,LUNCH
12451.0,23084,RABBIT NIGHT LIGHT,67.84434184714614,3,2.08,RABBIT
12451.0,23209,LUNCH BAG DOILEY PATTERN ,67.79081027896282,4,1.65,LUNCH
12451.0,22384,LUNCH BAG PINK POLKADOT,51.09455750186059,5,1.65,LUNCH
12452.0,21137,BLACK RECORD COVER FRAME,39.49402554188652,1,3.39,BLACK
12452.0,22138,BAKING SET 9 PIECE RETROSPOT ,21.14918002326219,2,4.95,BAKING
12452.0,22818,CARD CHRISTMAS VILLAGE,19.975925782422667,3,0.42,CARD
12452.0,23192,BUNDLE OF 3 ALPHABET EXERCISE BOOKS,17.202536152752362,4,1.65,BUNDLE
12452.0,21915,RED  HARMONICA IN BOX ,16.389618564544495,5,1.25,RED
12453.0,POST,POSTAGE,36.72918869726968,1,18.0,POSTAGE
12453.0,20829,GLITTER HANGING BUTTERFLY STRING,23.652579809421212,2,2.1,GLITTER
12453.0,23581,JUMBO BAG PAISLEY PARK,21.427401185023104,3,1.79,JUMBO
12453.0,23203,JUMBO BAG DOILEY PATTERNS,21.427401185023104,4,2.08,JUMBO
12453.0,47566,PARTY BUNTING,17.606055647614287,5,4.65,PARTY
12454.0,21843,RED RETROSPOT CAKE STAND,597.5164132850498,1,10.95,RED
12454.0,22804,CANDLEHOLDER PINK HANGING HEART,312.21578351831437,2,2.95,CANDLEHOLDER
12454.0,22114,HOT WATER BOTTLE TEA AND SYMPATHY,230.989694518014,3,3.45,HOT
12454.0,22752,SET 7 BABUSHKA NESTING BOXES,176.48650817106687,4,7.65,SET
12454.0,22197,SMALL POPCORN HOLDER,173.02598840300672,5,0.72,SMALL
12455.0,23310,BUBBLEGUM RING ASSORTED,25.470590565732785,1,0.42,BUBBLEGUM
12455.0,22423,REGENCY CAKESTAND 3 TIER,14.945428817779671,2,10.95,REGENCY
12455.0,22992,REVOLVER WOODEN RULER ,14.915210691645322,3,1.95,REVOLVER
12455.0,21207,SKULL AND CROSSBONES  GARLAND ,12.620562892930657,4,1.65,SKULL
12455.0,21932,SCANDINAVIAN PAISLEY PICNIC BAG,11.949326313448847,5,2.95,SCANDINAVIAN
12456.0,22158,3 HEARTS HANGING DECORATION RUSTIC,55.89371551796008,1,2.95,3
12456.0,23355,HOT WATER BOTTLE KEEP CALM,51.03854107678134,2,4.95,HOT
12456.0,47566,PARTY BUNTING,38.31344590996803,3,4.65,PARTY
12456.0,21137,BLACK RECORD COVER FRAME,35.757504078032035,4,3.39,BLACK
12456.0,23200,JUMBO BAG PEARS,33.662542792172566,5,2.08,JUMBO
12457.0,22371,AIRLINE BAG VINTAGE TOKYO 78,117.9212373580717,1,4.25,AIRLINE
12457.0,20749,ASSORTED COLOUR MINI CASES,93.81200154389978,2,7.95,ASSORTED
12457.0,22726,ALARM CLOCK BAKELIKE GREEN,86.17900404295257,3,3.75,ALARM
12457.0,79160,HEART SHAPE WIRELESS DOORBELL,66.57943626632678,4,2.1,HEART
12457.0,22374,AIRLINE BAG VINTAGE JET SET RED,58.355497023370745,5,4.25,AIRLINE
12458.0,22771,CLEAR DRAWER KNOB ACRYLIC EDWARDIAN,47.30026381058447,1,1.25,CLEAR
12458.0,22470,HEART OF WICKER LARGE,38.29963614305612,2,2.55,HEART
12458.0,22777,GLASS BELL JAR LARGE,35.675079072096615,3,8.5,GLASS
12458.0,85123A,WHITE HANGING HEART T-LIGHT HOLDER,34.24654793576582,4,2.55,WHITE
12458.0,84879,ASSORTED COLOUR BIRD ORNAMENT,24.719316494732684,5,1.69,ASSORTED
12461.0,22634,CHILDS BREAKFAST SET SPACEBOY ,86.37349775856765,1,9.95,CHILDS
12461.0,22326,ROUND SNACK BOXES SET OF4 WOODLAND ,61.032341196242065,2,2.95,ROUND
12461.0,85099B,JUMBO BAG RED RETROSPOT,48.56157454313422,3,1.65,JUMBO
12461.0,22453,MEASURING TAPE BABUSHKA BLUE,46.00522142528449,4,2.95,MEASURING
12461.0,23084,RABBIT NIGHT LIGHT,44.23798753216354,5,2.08,RABBIT
12462.0,22470,HEART OF WICKER LARGE,65.51734315447176,1,2.55,HEART
12462.0,22106,MIRROR MOSAIC HURRICANE LAMP ,48.37769604294889,2,6.75,MIRROR
12462.0,22424,ENAMEL BREAD BIN CREAM,40.21987309696698,3,10.95,ENAMEL
12462.0,85066,CREAM SWEETHEART MINI CHEST,26.964313338298897,4,12.75,CREAM
12462.0,22469,HEART OF WICKER SMALL,26.629596342740697,5,1.45,HEART
12463.0,23007, SPACEBOY BABY GIFT SET,65.48248927463642,1,14.95,SPACEBOY
12463.0,23008,DOLLY GIRL BABY GIFT SET,65.48248927463642,2,14.95,DOLLY
12463.0,22112,CHOCOLATE HOT WATER BOTTLE,64.85724092900267,3,4.95,CHOCOLATE
12463.0,22111,SCOTTIE DOG HOT WATER BOTTLE,64.85724092900267,4,4.95,SCOTTIE
12463.0,22120,WELCOME  WOODEN BLOCK LETTERS,55.480692310645,5,9.95,WELCOME
12464.0,23300,GARDENERS KNEELING PAD CUP OF TEA ,256.1353941476153,1,1.45,GARDENERS
12464.0,23284,DOORMAT KEEP CALM AND COME IN,183.7327757997927,2,6.75,DOORMAT
12464.0,21108,FAIRY CAKE FLANNEL ASSORTED COLOUR,104.66222140169798,3,2.55,FAIRY
12464.0,22840,ROUND CAKE TIN VINTAGE RED,81.8455627276288,4,7.95,ROUND
12464.0,22826,LOVE SEAT ANTIQUE WHITE METAL,64.22899499069942,5,175.0,LOVE
12465.0,21232,STRAWBERRY CERAMIC TRINKET BOX,59.26364034183507,1,1.25,STRAWBERRY
12465.0,22334,DINOSAUR PARTY BAG + STICKER SET,24.281673117478416,2,1.65,DINOSAUR
12465.0,21108,FAIRY CAKE FLANNEL ASSORTED COLOUR,20.154256440873414,3,2.55,FAIRY
12465.0,21257,VICTORIAN SEWING BOX MEDIUM,20.137402507668053,4,7.95,VICTORIAN
12465.0,22120,WELCOME  WOODEN BLOCK LETTERS,18.902561787858218,5,9.95,WELCOME
12468.0,23084,RABBIT NIGHT LIGHT,156.89810797101012,1,2.08,RABBIT
12468.0,22423,REGENCY CAKESTAND 3 TIER,90.99693423130319,2,10.95,REGENCY
12468.0,21116,OWL DOORSTOP,41.751534529656766,3,4.95,OWL
12468.0,22720,SET OF 3 CAKE TINS PANTRY DESIGN ,41.079093141439984,4,4.95,SET
12468.0,22941,CHRISTMAS LIGHTS 10 REINDEER,33.08979426592843,5,8.5,CHRISTMAS
